<?xml version='1.0' encoding='UTF-8' ?>
<timeLogEntries>
  <time id="1" path="/Non Project/PSP Fundamentals &amp; Advanced/Program 1/Planning" start="@1486405952684" delta="45" interrupt="1" />
  <time id="2" path="/Non Project/PSP Fundamentals &amp; Advanced/Program 1/Design" start="@1486408773685" delta="76" interrupt="3" />
  <time id="3" path="/Non Project/PSP Fundamentals &amp; Advanced/Program 1/Code" start="@1486413507666" delta="86" interrupt="8" />
  <time id="4" path="/Non Project/PSP Fundamentals &amp; Advanced/Program 1/Test" start="@1486419228143" delta="6" />
  <time id="5" path="/Non Project/PSP Fundamentals &amp; Advanced/Program 1/Test" start="@1486420005084" delta="26" />
  <time id="6" path="/Non Project/PSP Fundamentals &amp; Advanced/Program 1/Postmortem" start="@1486421557121" delta="13" />
  <time id="7" path="/Non Project/PSP Fundamentals &amp; Advanced/Program 2/Planning" start="@1487679373605" delta="95" interrupt="10" />
  <time id="8" path="/Non Project/PSP Fundamentals &amp; Advanced/Program 2/Design" start="@1487685700057" delta="13" />
  <time id="9" path="/Non Project/PSP Fundamentals &amp; Advanced/Program 2/Design" start="@1487691127391" delta="39" />
  <time id="10" path="/Non Project/PSP Fundamentals &amp; Advanced/Program 2/Code" start="@1487693453427" delta="50" />
  <time id="11" path="/Non Project/PSP Fundamentals &amp; Advanced/Program 2/Code" start="@1487700449917" delta="3" />
  <time id="12" path="/Non Project/PSP Fundamentals &amp; Advanced/Program 2/Code" start="@1487701243850" delta="124" interrupt="12" />
  <time id="13" path="/Non Project/PSP Fundamentals &amp; Advanced/Program 2/Code" start="@1487710934418" delta="1" />
  <time id="14" path="/Non Project/PSP Fundamentals &amp; Advanced/Program 2/Compile" start="@1487710975640" delta="1" />
  <time id="15" path="/Non Project/PSP Fundamentals &amp; Advanced/Program 2/Test" start="@1487711036113" delta="29" />
  <time id="16" path="/Non Project/PSP Fundamentals &amp; Advanced/Program 2/Test" start="@1487737721909" delta="104" interrupt="1" />
  <time id="17" path="/Non Project/PSP Fundamentals &amp; Advanced/Program 2/Postmortem" start="@1487744048196" delta="11" />
  <time id="18" path="/Non Project/PSP Fundamentals &amp; Advanced/Program 2/Postmortem" start="@1487774431292" delta="23" interrupt="4" />
  <time id="19" path="/Non Project/PSP Fundamentals &amp; Advanced/Program 2/Postmortem" start="@1487778692776" delta="51" />
  <time id="20" path="/Non Project/PSP Fundamentals &amp; Advanced/Program 2/Postmortem" start="@1487782813380" delta="7" />
  <time id="21" path="/Non Project/PSP Fundamentals &amp; Advanced/Program 3/Planning" start="@1488912225511" delta="89" interrupt="18" />
  <time id="22" path="/Non Project/PSP Fundamentals &amp; Advanced/Program 3/Planning" start="@1488919695635" delta="22" />
  <time id="23" path="/Non Project/PSP Fundamentals &amp; Advanced/Program 3/Planning" start="@1488943647578" delta="24" />
  <time id="24" path="/Non Project/PSP Fundamentals &amp; Advanced/Program 3/Planning" start="@1488947632863" delta="23" />
  <time id="25" path="/Non Project/PSP Fundamentals &amp; Advanced/Program 3/Planning" start="@1488971465700" delta="13" />
  <time id="26" path="/Non Project/PSP Fundamentals &amp; Advanced/Program 3/Design" start="@1488972235409" delta="2" />
  <time id="27" path="/Non Project/PSP Fundamentals &amp; Advanced/Program 3/Design" start="@1488973534054" delta="15" />
  <time id="28" path="/Non Project/PSP Fundamentals &amp; Advanced/Program 3/Design" start="@1488974854976" delta="2" />
  <time id="29" path="/Non Project/PSP Fundamentals &amp; Advanced/Program 3/Design" start="@1488975479169" delta="25" />
  <time id="30" path="/Non Project/PSP Fundamentals &amp; Advanced/Program 3/Design Review" start="@1488976978330" delta="5" />
  <time id="31" path="/Non Project/PSP Fundamentals &amp; Advanced/Program 3/Code" start="@1488977256062" delta="96" interrupt="10" />
  <time id="32" path="/Non Project/PSP Fundamentals &amp; Advanced/Program 3/Code" start="@1488985889574" delta="23" interrupt="1" />
  <time id="33" path="/Non Project/PSP Fundamentals &amp; Advanced/Program 3/Code" start="@1488987773190" delta="5" />
  <time id="34" path="/Non Project/PSP Fundamentals &amp; Advanced/Program 3/Code Review" start="@1488988055713" delta="26" interrupt="28" />
  <time id="35" path="/Non Project/PSP Fundamentals &amp; Advanced/Program 3/Test" start="@1488991362445" delta="1" />
  <time id="36" path="/Non Project/PSP Fundamentals &amp; Advanced/Program 3/Postmortem" start="@1488991363496" />
  <time id="37" path="/Non Project/PSP Fundamentals &amp; Advanced/Program 3/Test" start="@1488991418305" delta="15" />
  <time id="38" path="/Non Project/PSP Fundamentals &amp; Advanced/Program 3/Test" start="@1488992919239" delta="29" interrupt="4" />
  <time id="39" path="/Non Project/PSP Fundamentals &amp; Advanced/Program 3/Postmortem" start="@1488994927121" delta="52" interrupt="1" />
  <time id="40" path="/Non Project/PSP Fundamentals &amp; Advanced/Program 4/Planning" start="@1490047641730" delta="45" interrupt="3" />
  <time id="41" path="/Non Project/PSP Fundamentals &amp; Advanced/Program 4/Planning" start="@1490052469366" delta="22" interrupt="39" />
  <time id="42" path="/Non Project/PSP Fundamentals &amp; Advanced/Program 4/Planning" start="@1490056591865" delta="38" />
  <time id="43" path="/Non Project/PSP Fundamentals &amp; Advanced/Program 4/Design" start="@1490058842128" delta="35" interrupt="51" />
  <time id="44" path="/Non Project/PSP Fundamentals &amp; Advanced/Program 4/Design" start="@1490066298044" delta="30" />
  <time id="45" path="/Non Project/PSP Fundamentals &amp; Advanced/Program 4/Design Review" start="@1490068079000" delta="8" />
  <time id="46" path="/Non Project/PSP Fundamentals &amp; Advanced/Program 4/Code" start="@1490068578175" delta="1" />
  <time id="47" path="/Non Project/PSP Fundamentals &amp; Advanced/Program 4/Code" start="@1490097822001" delta="42" />
  <time id="48" path="/Non Project/PSP Fundamentals &amp; Advanced/Program 4/Code" start="@1490101010909" delta="66" />
  <time id="49" path="/Non Project/PSP Fundamentals &amp; Advanced/Program 4/Code Review" start="@1490104971202" delta="19" />
  <time id="50" path="/Non Project/PSP Fundamentals &amp; Advanced/Program 4/Code Review" start="@1490107026076" delta="1" />
  <time id="51" path="/Non Project/PSP Fundamentals &amp; Advanced/Program 4/Compile" start="@1490107044825" delta="1" />
  <time id="52" path="/Non Project/PSP Fundamentals &amp; Advanced/Program 4/Test" start="@1490107133284" delta="6" />
  <time id="53" path="/Non Project/PSP Fundamentals &amp; Advanced/Program 4/Test" start="@1490108576922" delta="3" />
  <time id="54" path="/Non Project/PSP Fundamentals &amp; Advanced/Program 4/Test" start="@1490111968252" delta="22" />
  <time id="55" path="/Non Project/PSP Fundamentals &amp; Advanced/Program 4/Postmortem" start="@1490113292433" delta="30" />
  <time id="56" path="/Non Project/PSP Fundamentals &amp; Advanced/Program 5/Planning" start="@1491311322670" delta="26" interrupt="4" />
  <time id="57" path="/Non Project/PSP Fundamentals &amp; Advanced/Program 5/Planning" start="@1491313522780" delta="64" interrupt="7" />
  <time id="58" path="/Non Project/PSP Fundamentals &amp; Advanced/Program 5/Design" start="@1491317795315" delta="1" />
  <time id="59" path="/Non Project/PSP Fundamentals &amp; Advanced/Program 5/Design" start="@1491318296005" delta="6" />
  <time id="60" path="/Non Project/PSP Fundamentals &amp; Advanced/Program 5/Design" start="@1491319789780" delta="29" interrupt="1" />
  <time id="61" path="/Non Project/PSP Fundamentals &amp; Advanced/Program 5/Design" start="@1491325742986" delta="31" />
  <time id="62" path="/Non Project/PSP Fundamentals &amp; Advanced/Program 5/Design" start="@1491332367692" delta="14" />
  <time id="63" path="/Non Project/PSP Fundamentals &amp; Advanced/Program 5/Design Review" start="@1491333192076" delta="8" interrupt="14" />
  <time id="64" path="/Non Project/PSP Fundamentals &amp; Advanced/Program 5/Design Review" start="@1491334578244" delta="1" />
  <time id="65" path="/Non Project/PSP Fundamentals &amp; Advanced/Program 5/Code" start="@1491334597329" delta="3" />
  <time id="66" path="/Non Project/PSP Fundamentals &amp; Advanced/Program 5/Code" start="@1491335001334" delta="1" interrupt="11" />
  <time id="67" path="/Non Project/PSP Fundamentals &amp; Advanced/Program 5/Code" start="@1491336310292" delta="22" interrupt="4" />
  <time id="68" path="/Non Project/PSP Fundamentals &amp; Advanced/Program 5/Code" start="@1491338180228" delta="7" interrupt="6" />
  <time id="69" path="/Non Project/PSP Fundamentals &amp; Advanced/Program 5/Code" start="@1491339274398" delta="20" />
  <time id="70" path="/Non Project/PSP Fundamentals &amp; Advanced/Program 5/Code" start="@1491363826717" delta="43" interrupt="6" />
  <time id="71" path="/Non Project/PSP Fundamentals &amp; Advanced/Program 5/Code" start="@1491389401945" delta="99" interrupt="13" />
  <time id="72" path="/Non Project/PSP Fundamentals &amp; Advanced/Program 5/Code" start="@1491399134588" delta="22" />
  <time id="73" path="/Non Project/PSP Fundamentals &amp; Advanced/Program 5/Code Review" start="@1491400455821" delta="7" />
  <time id="74" path="/Non Project/PSP Fundamentals &amp; Advanced/Program 5/Code Review" start="@1491403067144" delta="9" />
  <time id="75" path="/Non Project/PSP Fundamentals &amp; Advanced/Program 5/Test" start="@1491403612215" delta="36" interrupt="6" />
  <time id="76" path="/Non Project/PSP Fundamentals &amp; Advanced/Program 5/Test" start="@1491406365538" delta="13" />
  <time id="77" path="/Non Project/PSP Fundamentals &amp; Advanced/Program 5/Test" start="@1491407745367" delta="2" />
  <time id="78" path="/Non Project/PSP Fundamentals &amp; Advanced/Program 5/Test" start="@1491411599103" delta="18" />
  <time id="79" path="/Non Project/PSP Fundamentals &amp; Advanced/Program 5/Test" start="@1491419177901" delta="27" />
  <time id="80" path="/Non Project/PSP Fundamentals &amp; Advanced/Program 5/Postmortem" start="@1491420827110" delta="39" />
  <time id="81" path="/Non Project/PSP Fundamentals &amp; Advanced/Program 6/Planning" start="@1492519671443" delta="57" interrupt="5" />
  <time id="82" path="/Non Project/PSP Fundamentals &amp; Advanced/Program 6/Planning" start="@1492524050090" delta="7" />
  <time id="83" path="/Non Project/PSP Fundamentals &amp; Advanced/Program 6/Planning" start="@1492528635267" delta="1" />
  <time id="84" path="/Non Project/PSP Fundamentals &amp; Advanced/Program 6/Design" start="@1492528683781" delta="8" />
  <time id="85" path="/Non Project/PSP Fundamentals &amp; Advanced/Program 6/Design" start="@1492547557909" delta="11" />
  <time id="86" path="/Non Project/PSP Fundamentals &amp; Advanced/Program 6/Design" start="@1492548664132" delta="7" />
  <time id="87" path="/Non Project/PSP Fundamentals &amp; Advanced/Program 6/Design" start="@1492551843197" delta="7" />
  <time id="88" path="/Non Project/PSP Fundamentals &amp; Advanced/Program 6/Design" start="@1492553116267" delta="41" interrupt="9" />
  <time id="89" path="/Non Project/PSP Fundamentals &amp; Advanced/Program 6/Design" start="@1492556186127" delta="30" interrupt="128" />
  <time id="90" path="/Non Project/PSP Fundamentals &amp; Advanced/Program 6/Design" start="@1492568254341" delta="6" interrupt="2" />
  <time id="91" path="/Non Project/PSP Fundamentals &amp; Advanced/Program 6/Design" start="@1492569896286" delta="33" />
  <time id="92" path="/Non Project/PSP Fundamentals &amp; Advanced/Program 6/Design" start="@1492601506896" delta="43" />
  <time id="93" path="/Non Project/PSP Fundamentals &amp; Advanced/Program 6/Design Review" start="@1492604062370" delta="9" />
  <time id="94" path="/Non Project/PSP Fundamentals &amp; Advanced/Program 6/Code" start="@1492604590070" delta="3" />
  <time id="95" path="/Non Project/PSP Fundamentals &amp; Advanced/Program 6/Code" start="@1492607719385" delta="5" />
  <time id="96" path="/Non Project/PSP Fundamentals &amp; Advanced/Program 6/Code" start="@1492608398620" delta="11" />
  <time id="97" path="/Non Project/PSP Fundamentals &amp; Advanced/Program 6/Code" start="@1492612403034" delta="5" interrupt="12" />
  <time id="98" path="/Non Project/PSP Fundamentals &amp; Advanced/Program 6/Code" start="@1492614213865" delta="57" interrupt="9" />
  <time id="99" path="/Non Project/PSP Fundamentals &amp; Advanced/Program 6/Code" start="@1492618536512" delta="7" />
  <time id="100" path="/Non Project/PSP Fundamentals &amp; Advanced/Program 6/Code Review" start="@1492618940962" delta="10" />
  <time id="101" path="/Non Project/PSP Fundamentals &amp; Advanced/Program 6/Compile" start="@1492619547629" delta="1" />
  <time id="102" path="/Non Project/PSP Fundamentals &amp; Advanced/Program 6/Test" start="@1492619608407" delta="6" />
  <time id="103" path="/Non Project/PSP Fundamentals &amp; Advanced/Program 6/Test" start="@1492620693118" delta="18" />
  <time id="104" path="/Non Project/PSP Fundamentals &amp; Advanced/Program 6/Postmortem" start="@1492621754987" delta="36" interrupt="2" />
  <time id="105" path="/Non Project/PSP Fundamentals &amp; Advanced/Program 7/Planning" start="@1493741691310" delta="90" interrupt="16" />
  <time id="106" path="/Non Project/PSP Fundamentals &amp; Advanced/Program 7/Planning" start="@1493748791901" delta="35" />
  <time id="107" path="/Non Project/PSP Fundamentals &amp; Advanced/Program 7/Planning" start="@1493754583440" delta="1" />
  <time id="108" path="/Non Project/PSP Fundamentals &amp; Advanced/Program 7/Design" start="@1493754586806" delta="51" interrupt="1" />
  <time id="109" path="/Non Project/PSP Fundamentals &amp; Advanced/Program 7/Design" start="@1493809438535" delta="1" />
  <time id="110" path="/Non Project/PSP Fundamentals &amp; Advanced/Program 7/Design Review" start="@1493809481836" delta="9" />
  <time id="111" path="/Non Project/PSP Fundamentals &amp; Advanced/Program 7/Code" start="@1493810043869" delta="31" />
  <time id="112" path="/Non Project/PSP Fundamentals &amp; Advanced/Program 7/Code" start="@1493812736212" delta="36" />
  <time id="113" path="/Non Project/PSP Fundamentals &amp; Advanced/Program 7/Code" start="@1493817399182" delta="7" />
  <time id="114" path="/Non Project/PSP Fundamentals &amp; Advanced/Program 7/Code" start="@1493818279171" delta="5" />
  <time id="115" path="/Non Project/PSP Fundamentals &amp; Advanced/Program 7/Code" start="@1493825372436" delta="24" />
  <time id="116" path="/Non Project/PSP Fundamentals &amp; Advanced/Program 7/Code" start="@1493828140509" delta="25" />
  <time id="117" path="/Non Project/PSP Fundamentals &amp; Advanced/Program 7/Code Review" start="@1493829624711" delta="15" />
  <time id="118" path="/Non Project/PSP Fundamentals &amp; Advanced/Program 7/Test" start="@1493830508520" delta="56" interrupt="2" />
</timeLogEntries>
